{
  "n_runs": 6,
  "singles": [
    18,
    10,
    19,
    7,
    18,
    11
  ],
  "union_curve": [
    13.833333333333334,
    19.733333333333334,
    22.45,
    24.0,
    24.833333333333332,
    25.0
  ],
  "full_union": 25,
  "total": 29
}